[{"model": "admin.logentry", "pk": 1, "fields": {"action_time": "2022-01-23T07:57:59.610Z", "user": 1, "content_type": 7, "object_id": "1", "object_repr": "Birding", "action_flag": 1, "change_message": "[{\"added\": {}}]"}}, {"model": "admin.logentry", "pk": 2, "fields": {"action_time": "2022-01-23T07:58:06.583Z", "user": 1, "content_type": 7, "object_id": "2", "object_repr": "Pushups", "action_flag": 1, "change_message": "[{\"added\": {}}]"}}, {"model": "admin.logentry", "pk": 3, "fields": {"action_time": "2022-01-23T07:58:46.583Z", "user": 1, "content_type": 8, "object_id": "1", "object_repr": "1_Leslie", "action_flag": 1, "change_message": "[{\"added\": {}}]"}}, {"model": "admin.logentry", "pk": 4, "fields": {"action_time": "2022-01-23T07:59:09.136Z", "user": 1, "content_type": 8, "object_id": "1", "object_repr": "1_은미", "action_flag": 2, "change_message": "[{\"changed\": {\"fields\": [\"Display name\", \"Full name\"]}}]"}}, {"model": "admin.logentry", "pk": 5, "fields": {"action_time": "2022-01-23T07:59:20.936Z", "user": 1, "content_type": 8, "object_id": "2", "object_repr": "2_Jason", "action_flag": 1, "change_message": "[{\"added\": {}}]"}}, {"model": "admin.logentry", "pk": 6, "fields": {"action_time": "2022-01-23T07:59:32.553Z", "user": 1, "content_type": 8, "object_id": "3", "object_repr": "3_rhl", "action_flag": 1, "change_message": "[{\"added\": {}}]"}}, {"model": "admin.logentry", "pk": 7, "fields": {"action_time": "2022-01-23T07:59:50.259Z", "user": 1, "content_type": 8, "object_id": "4", "object_repr": "4_Cody", "action_flag": 1, "change_message": "[{\"added\": {}}]"}}, {"model": "admin.logentry", "pk": 8, "fields": {"action_time": "2022-01-23T08:00:29.305Z", "user": 1, "content_type": 7, "object_id": "3", "object_repr": "Singing", "action_flag": 1, "change_message": "[{\"added\": {}}]"}}, {"model": "admin.logentry", "pk": 9, "fields": {"action_time": "2022-01-23T08:00:37.796Z", "user": 1, "content_type": 7, "object_id": "2", "object_repr": "Pushups", "action_flag": 2, "change_message": "[{\"changed\": {\"fields\": [\"Description\", \"Youtube url\"]}}]"}}, {"model": "admin.logentry", "pk": 10, "fields": {"action_time": "2022-01-23T08:00:47.666Z", "user": 1, "content_type": 7, "object_id": "1", "object_repr": "Birding", "action_flag": 2, "change_message": "[]"}}, {"model": "admin.logentry", "pk": 11, "fields": {"action_time": "2022-01-23T08:00:56.200Z", "user": 1, "content_type": 7, "object_id": "4", "object_repr": "Rolling", "action_flag": 1, "change_message": "[{\"added\": {}}]"}}, {"model": "admin.logentry", "pk": 12, "fields": {"action_time": "2022-01-23T08:13:02.974Z", "user": 1, "content_type": 9, "object_id": "26", "object_repr": "1_은미2022-01-23 08:09:34.247913+00:00", "action_flag": 2, "change_message": "[{\"changed\": {\"fields\": [\"Updated at\"]}}]"}}, {"model": "admin.logentry", "pk": 13, "fields": {"action_time": "2022-01-23T08:13:11.368Z", "user": 1, "content_type": 9, "object_id": "25", "object_repr": "1_은미2022-01-23 08:09:33.168902+00:00", "action_flag": 2, "change_message": "[{\"changed\": {\"fields\": [\"Updated at\"]}}]"}}, {"model": "admin.logentry", "pk": 14, "fields": {"action_time": "2022-01-23T08:13:20.027Z", "user": 1, "content_type": 9, "object_id": "13", "object_repr": "1_은미2022-01-23 08:03:02.104179+00:00", "action_flag": 2, "change_message": "[{\"changed\": {\"fields\": [\"Updated at\"]}}]"}}, {"model": "admin.logentry", "pk": 15, "fields": {"action_time": "2022-01-23T08:13:26.798Z", "user": 1, "content_type": 9, "object_id": "27", "object_repr": "1_은미2022-01-23 08:09:38.844839+00:00", "action_flag": 2, "change_message": "[{\"changed\": {\"fields\": [\"Updated at\"]}}]"}}, {"model": "admin.logentry", "pk": 16, "fields": {"action_time": "2022-01-23T08:13:33.609Z", "user": 1, "content_type": 9, "object_id": "24", "object_repr": "1_은미2022-01-23 08:09:32.699000+00:00", "action_flag": 2, "change_message": "[{\"changed\": {\"fields\": [\"Updated at\"]}}]"}}, {"model": "admin.logentry", "pk": 17, "fields": {"action_time": "2022-01-23T08:13:59.399Z", "user": 1, "content_type": 9, "object_id": "23", "object_repr": "1_은미2022-01-23 08:09:31.979864+00:00", "action_flag": 2, "change_message": "[{\"changed\": {\"fields\": [\"Updated at\"]}}]"}}, {"model": "admin.logentry", "pk": 18, "fields": {"action_time": "2022-01-23T08:14:05.532Z", "user": 1, "content_type": 9, "object_id": "15", "object_repr": "1_은미2022-01-23 08:03:08.477333+00:00", "action_flag": 2, "change_message": "[{\"changed\": {\"fields\": [\"Updated at\"]}}]"}}, {"model": "admin.logentry", "pk": 19, "fields": {"action_time": "2022-01-23T08:29:35.732Z", "user": 1, "content_type": 9, "object_id": "20", "object_repr": "3_rhl2022-01-23 08:09:24.598139+00:00", "action_flag": 2, "change_message": "[{\"changed\": {\"fields\": [\"Updated at\"]}}]"}}, {"model": "admin.logentry", "pk": 20, "fields": {"action_time": "2022-01-23T08:29:44.336Z", "user": 1, "content_type": 9, "object_id": "21", "object_repr": "3_rhl2022-01-23 08:09:25.247183+00:00", "action_flag": 2, "change_message": "[{\"changed\": {\"fields\": [\"Updated at\"]}}]"}}, {"model": "admin.logentry", "pk": 21, "fields": {"action_time": "2022-01-23T08:29:54.292Z", "user": 1, "content_type": 9, "object_id": "8", "object_repr": "3_rhl2022-01-23 08:02:54.965663+00:00", "action_flag": 2, "change_message": "[{\"changed\": {\"fields\": [\"Updated at\"]}}]"}}, {"model": "admin.logentry", "pk": 22, "fields": {"action_time": "2022-01-23T08:30:03.243Z", "user": 1, "content_type": 9, "object_id": "7", "object_repr": "3_rhl2022-01-23 08:02:51.176222+00:00", "action_flag": 2, "change_message": "[{\"changed\": {\"fields\": [\"Updated at\"]}}]"}}, {"model": "admin.logentry", "pk": 23, "fields": {"action_time": "2022-01-23T08:30:15.843Z", "user": 1, "content_type": 9, "object_id": "7", "object_repr": "3_rhl2022-01-23 08:02:51.176222+00:00", "action_flag": 2, "change_message": "[{\"changed\": {\"fields\": [\"Done\"]}}]"}}, {"model": "admin.logentry", "pk": 24, "fields": {"action_time": "2022-01-23T08:31:26.624Z", "user": 1, "content_type": 9, "object_id": "17", "object_repr": "4_Cody2022-01-23 08:09:15.180435+00:00", "action_flag": 2, "change_message": "[{\"changed\": {\"fields\": [\"Updated at\"]}}]"}}, {"model": "admin.logentry", "pk": 25, "fields": {"action_time": "2022-01-23T08:31:33.301Z", "user": 1, "content_type": 9, "object_id": "18", "object_repr": "4_Cody2022-01-23 08:09:15.941690+00:00", "action_flag": 2, "change_message": "[{\"changed\": {\"fields\": [\"Updated at\"]}}]"}}, {"model": "admin.logentry", "pk": 26, "fields": {"action_time": "2022-01-23T09:11:52.115Z", "user": 1, "content_type": 9, "object_id": "22", "object_repr": "1_은미2022-01-23 08:09:31.606779+00:00", "action_flag": 2, "change_message": "[{\"changed\": {\"fields\": [\"Updated at\"]}}]"}}, {"model": "admin.logentry", "pk": 27, "fields": {"action_time": "2022-01-23T09:12:03.589Z", "user": 1, "content_type": 9, "object_id": "12", "object_repr": "1_은미2022-01-23 08:03:01.720927+00:00", "action_flag": 2, "change_message": "[{\"changed\": {\"fields\": [\"Updated at\"]}}]"}}, {"model": "admin.logentry", "pk": 28, "fields": {"action_time": "2022-01-23T11:08:41.183Z", "user": 1, "content_type": 9, "object_id": "14", "object_repr": "1_은미2022-01-01 08:03:04+00:00", "action_flag": 2, "change_message": "[{\"changed\": {\"fields\": [\"Updated at\"]}}]"}}, {"model": "admin.logentry", "pk": 29, "fields": {"action_time": "2022-01-23T11:41:49.509Z", "user": 1, "content_type": 9, "object_id": "63", "object_repr": "3_rhl2022-01-13 11:39:50+00:00", "action_flag": 2, "change_message": "[{\"changed\": {\"fields\": [\"Updated at\"]}}]"}}, {"model": "admin.logentry", "pk": 30, "fields": {"action_time": "2022-01-23T12:15:26.409Z", "user": 1, "content_type": 9, "object_id": "74", "object_repr": "2_Jason2022-01-02 12:15:13+00:00", "action_flag": 2, "change_message": "[{\"changed\": {\"fields\": [\"Updated at\"]}}]"}}, {"model": "admin.logentry", "pk": 31, "fields": {"action_time": "2022-05-30T18:53:45.160Z", "user": 1, "content_type": 7, "object_id": "5", "object_repr": "Piano", "action_flag": 2, "change_message": "[{\"changed\": {\"fields\": [\"Color\"]}}]"}}, {"model": "admin.logentry", "pk": 32, "fields": {"action_time": "2022-05-30T18:54:44.143Z", "user": 1, "content_type": 7, "object_id": "8", "object_repr": "Swimming 🏊‍♀️", "action_flag": 2, "change_message": "[{\"changed\": {\"fields\": [\"Name\", \"Color\"]}}]"}}, {"model": "auth.permission", "pk": 1, "fields": {"name": "Can add log entry", "content_type": 1, "codename": "add_logentry"}}, {"model": "auth.permission", "pk": 2, "fields": {"name": "Can change log entry", "content_type": 1, "codename": "change_logentry"}}, {"model": "auth.permission", "pk": 3, "fields": {"name": "Can delete log entry", "content_type": 1, "codename": "delete_logentry"}}, {"model": "auth.permission", "pk": 4, "fields": {"name": "Can view log entry", "content_type": 1, "codename": "view_logentry"}}, {"model": "auth.permission", "pk": 5, "fields": {"name": "Can add permission", "content_type": 2, "codename": "add_permission"}}, {"model": "auth.permission", "pk": 6, "fields": {"name": "Can change permission", "content_type": 2, "codename": "change_permission"}}, {"model": "auth.permission", "pk": 7, "fields": {"name": "Can delete permission", "content_type": 2, "codename": "delete_permission"}}, {"model": "auth.permission", "pk": 8, "fields": {"name": "Can view permission", "content_type": 2, "codename": "view_permission"}}, {"model": "auth.permission", "pk": 9, "fields": {"name": "Can add group", "content_type": 3, "codename": "add_group"}}, {"model": "auth.permission", "pk": 10, "fields": {"name": "Can change group", "content_type": 3, "codename": "change_group"}}, {"model": "auth.permission", "pk": 11, "fields": {"name": "Can delete group", "content_type": 3, "codename": "delete_group"}}, {"model": "auth.permission", "pk": 12, "fields": {"name": "Can view group", "content_type": 3, "codename": "view_group"}}, {"model": "auth.permission", "pk": 13, "fields": {"name": "Can add user", "content_type": 4, "codename": "add_user"}}, {"model": "auth.permission", "pk": 14, "fields": {"name": "Can change user", "content_type": 4, "codename": "change_user"}}, {"model": "auth.permission", "pk": 15, "fields": {"name": "Can delete user", "content_type": 4, "codename": "delete_user"}}, {"model": "auth.permission", "pk": 16, "fields": {"name": "Can view user", "content_type": 4, "codename": "view_user"}}, {"model": "auth.permission", "pk": 17, "fields": {"name": "Can add content type", "content_type": 5, "codename": "add_contenttype"}}, {"model": "auth.permission", "pk": 18, "fields": {"name": "Can change content type", "content_type": 5, "codename": "change_contenttype"}}, {"model": "auth.permission", "pk": 19, "fields": {"name": "Can delete content type", "content_type": 5, "codename": "delete_contenttype"}}, {"model": "auth.permission", "pk": 20, "fields": {"name": "Can view content type", "content_type": 5, "codename": "view_contenttype"}}, {"model": "auth.permission", "pk": 21, "fields": {"name": "Can add session", "content_type": 6, "codename": "add_session"}}, {"model": "auth.permission", "pk": 22, "fields": {"name": "Can change session", "content_type": 6, "codename": "change_session"}}, {"model": "auth.permission", "pk": 23, "fields": {"name": "Can delete session", "content_type": 6, "codename": "delete_session"}}, {"model": "auth.permission", "pk": 24, "fields": {"name": "Can view session", "content_type": 6, "codename": "view_session"}}, {"model": "auth.permission", "pk": 25, "fields": {"name": "Can add activity", "content_type": 7, "codename": "add_activity"}}, {"model": "auth.permission", "pk": 26, "fields": {"name": "Can change activity", "content_type": 7, "codename": "change_activity"}}, {"model": "auth.permission", "pk": 27, "fields": {"name": "Can delete activity", "content_type": 7, "codename": "delete_activity"}}, {"model": "auth.permission", "pk": 28, "fields": {"name": "Can view activity", "content_type": 7, "codename": "view_activity"}}, {"model": "auth.permission", "pk": 29, "fields": {"name": "Can add client", "content_type": 8, "codename": "add_client"}}, {"model": "auth.permission", "pk": 30, "fields": {"name": "Can change client", "content_type": 8, "codename": "change_client"}}, {"model": "auth.permission", "pk": 31, "fields": {"name": "Can delete client", "content_type": 8, "codename": "delete_client"}}, {"model": "auth.permission", "pk": 32, "fields": {"name": "Can view client", "content_type": 8, "codename": "view_client"}}, {"model": "auth.permission", "pk": 33, "fields": {"name": "Can add random giphy", "content_type": 9, "codename": "add_randomgiphy"}}, {"model": "auth.permission", "pk": 34, "fields": {"name": "Can change random giphy", "content_type": 9, "codename": "change_randomgiphy"}}, {"model": "auth.permission", "pk": 35, "fields": {"name": "Can delete random giphy", "content_type": 9, "codename": "delete_randomgiphy"}}, {"model": "auth.permission", "pk": 36, "fields": {"name": "Can view random giphy", "content_type": 9, "codename": "view_randomgiphy"}}, {"model": "auth.permission", "pk": 37, "fields": {"name": "Can add todo item", "content_type": 10, "codename": "add_todoitem"}}, {"model": "auth.permission", "pk": 38, "fields": {"name": "Can change todo item", "content_type": 10, "codename": "change_todoitem"}}, {"model": "auth.permission", "pk": 39, "fields": {"name": "Can delete todo item", "content_type": 10, "codename": "delete_todoitem"}}, {"model": "auth.permission", "pk": 40, "fields": {"name": "Can view todo item", "content_type": 10, "codename": "view_todoitem"}}, {"model": "auth.user", "pk": 1, "fields": {"password": "pbkdf2_sha256$260000$uSgT4YIh7hZShMCLfVlDMN$GtfzgKR/dKCyb4NwkXB1SQEy57WcFThHBIcOGdVeYyE=", "last_login": "2022-05-30T19:33:54.713Z", "is_superuser": true, "username": "jyee", "first_name": "", "last_name": "", "email": "jasonwsyee@gmail.com", "is_staff": true, "is_active": true, "date_joined": "2022-01-23T07:57:32.248Z", "groups": [], "user_permissions": []}}, {"model": "auth.user", "pk": 2, "fields": {"password": "pbkdf2_sha256$260000$b80nRoQTmI8lHVDTJxjfwM$0lUgdbXOtI9AVkAxon0hm81nBprmEGBwhO44wvPjvfk=", "last_login": "2022-01-23T12:09:04.643Z", "is_superuser": true, "username": "yh", "first_name": "", "last_name": "", "email": "hyeminyoo11@gmail.com", "is_staff": true, "is_active": true, "date_joined": "2022-01-23T07:57:44.695Z", "groups": [], "user_permissions": []}}, {"model": "auth.user", "pk": 3, "fields": {"password": "pbkdf2_sha256$260000$KfIEzrlDm3n15kcaaYZ5Is$H5CFXHxDBeQXCNrK7xhA3TKOy8f8D4sYrbeEDZYXTA8=", "last_login": null, "is_superuser": true, "username": "runner", "first_name": "", "last_name": "", "email": "runner@runner.local", "is_staff": true, "is_active": true, "date_joined": "2022-05-30T18:01:20.021Z", "groups": [], "user_permissions": []}}, {"model": "contenttypes.contenttype", "pk": 1, "fields": {"app_label": "admin", "model": "logentry"}}, {"model": "contenttypes.contenttype", "pk": 2, "fields": {"app_label": "auth", "model": "permission"}}, {"model": "contenttypes.contenttype", "pk": 3, "fields": {"app_label": "auth", "model": "group"}}, {"model": "contenttypes.contenttype", "pk": 4, "fields": {"app_label": "auth", "model": "user"}}, {"model": "contenttypes.contenttype", "pk": 5, "fields": {"app_label": "contenttypes", "model": "contenttype"}}, {"model": "contenttypes.contenttype", "pk": 6, "fields": {"app_label": "sessions", "model": "session"}}, {"model": "contenttypes.contenttype", "pk": 7, "fields": {"app_label": "todo", "model": "activity"}}, {"model": "contenttypes.contenttype", "pk": 8, "fields": {"app_label": "todo", "model": "client"}}, {"model": "contenttypes.contenttype", "pk": 9, "fields": {"app_label": "todo", "model": "randomgiphy"}}, {"model": "contenttypes.contenttype", "pk": 10, "fields": {"app_label": "todo", "model": "todoitem"}}, {"model": "sessions.session", "pk": "b2u7u3w70pb82s5kdq49jg4nlh6lbuoy", "fields": {"session_data": ".eJxVjLEOwyAQQ_-FuUI5CJB07J5vQHcHKWkrkEIyVf33EilD68nys_0WHvct-b3G1S9BXAWIy29GyM-YDxAemO9FcsnbupA8KvKkVU4lxNft7P4dJKyprTlqZOJRu1mZJosIA_XORmUUmgAULOih78aAs3XGEWgAVMwdmGbF5wvnUDdS:1nvl9G:BwOXc-Z3J_zTDz7K7EKP8u9xd_NIukp0yg2LrEJeM48", "expire_date": "2022-06-13T19:33:54.720Z"}}, {"model": "sessions.session", "pk": "bb6c94767vnmko4mzdybifrkv2wt02u2", "fields": {"session_data": ".eJxVjEEOwiAQRe_C2hCgQMGle89AZpipVA0kpV0Z765NutDtf-_9l0iwrSVtnZc0kzgLI06_G0J-cN0B3aHemsytrsuMclfkQbu8NuLn5XD_Dgr08q3BRa9o5OCRwYGhSVuLWrusxzDAhM7zYJRBRFDKcfQQdYYhs8tkKYj3B-_qOHk:1nBbg8:DQn6gUL_9VI5wsVWWD9bVtnWjXvEoUGmR7YlStHRK_Y", "expire_date": "2022-02-06T12:09:04.653Z"}}, {"model": "sessions.session", "pk": "s84414lkq1q3wkshujs8la5bnj8k3x9k", "fields": {"session_data": ".eJxVjEEOgjAQRe_StWmmHdqCS_ecgcxMqUVNSSisjHcXEha6_e-9_1YDbWsetjouwxTVVRl1-d2Y5DmWA8QHlfusZS7rMrE-FH3Sqvs5jq_b6f4dZKp5rwEb8Bxb30kKaIIHJo8mWtsYFGIQtqEjZ3aKEF2TMBlpEVwIDOjU5wu--jbE:1nBXl0:mklNNMyoQ0IL4xoYPvTxqAKNwRL5hXNVZO6tq4D48aI", "expire_date": "2022-02-06T07:57:50.949Z"}}, {"model": "todo.activity", "pk": 1, "fields": {"name": "Birding", "description": "", "youtube_url": "", "color": "#20c997"}}, {"model": "todo.activity", "pk": 2, "fields": {"name": "Pushups", "description": "Push the ground away", "youtube_url": "https://www.youtube.com/watch?v=dQw4w9WgXcQ", "color": "#20c997"}}, {"model": "todo.activity", "pk": 3, "fields": {"name": "Singing", "description": "Sing a song!", "youtube_url": "https://www.youtube.com/watch?v=dQw4w9WgXcQ", "color": "#20c997"}}, {"model": "todo.activity", "pk": 4, "fields": {"name": "Rolling", "description": "Roll over", "youtube_url": "https://www.youtube.com/watch?v=dQw4w9WgXcQ", "color": "#20c997"}}, {"model": "todo.activity", "pk": 5, "fields": {"name": "Piano", "description": "", "youtube_url": "", "color": "#c770c4"}}, {"model": "todo.activity", "pk": 6, "fields": {"name": "Hugging", "description": "", "youtube_url": "", "color": "#20c997"}}, {"model": "todo.activity", "pk": 7, "fields": {"name": "Reading", "description": "", "youtube_url": "", "color": "#20c997"}}, {"model": "todo.activity", "pk": 8, "fields": {"name": "Swimming 🏊‍♀️", "description": "", "youtube_url": "", "color": "#7a97f0"}}, {"model": "todo.client", "pk": 1, "fields": {"display_name": "은미", "full_name": "Leslie Lee-Yee", "favorite_food": "", "guardian_users": [1, 2]}}, {"model": "todo.client", "pk": 2, "fields": {"display_name": "Jason", "full_name": "Jason. Yee", "favorite_food": "", "guardian_users": [1, 2]}}, {"model": "todo.client", "pk": 3, "fields": {"display_name": "rhl", "full_name": "Renee Lee", "favorite_food": "", "guardian_users": [1, 2]}}, {"model": "todo.client", "pk": 4, "fields": {"display_name": "Cody", "full_name": "Cody Connolly", "favorite_food": "", "guardian_users": [2]}}, {"model": "todo.randomgiphy", "pk": 1, "fields": {"description": "default", "url": "https://media.giphy.com/media/NENOgw8mgH0NW/giphy.gif"}}, {"model": "todo.randomgiphy", "pk": 2, "fields": {"description": "all day", "url": "https://media.giphy.com/media/kRkJXYahXjSE0/giphy.gif"}}, {"model": "todo.randomgiphy", "pk": 3, "fields": {"description": "all all day", "url": "https://media.giphy.com/media/XV74ZvGRXcZdS/giphy.gif"}}, {"model": "todo.todoitem", "pk": 1, "fields": {"content": "", "owner": "", "activity": 1, "client": 1, "done": true, "created_by": 1, "updated_by": 1, "created_at": "2022-01-23T08:02:14.350Z", "updated_at": "2022-01-23T08:02:14.350Z"}}, {"model": "todo.todoitem", "pk": 2, "fields": {"content": "", "owner": "", "activity": 2, "client": 2, "done": true, "created_by": 1, "updated_by": 1, "created_at": "2022-01-23T08:02:24.447Z", "updated_at": "2022-01-23T08:02:24.445Z"}}, {"model": "todo.todoitem", "pk": 3, "fields": {"content": "", "owner": "", "activity": 1, "client": 2, "done": false, "created_by": 1, "updated_by": 1, "created_at": "2022-01-23T08:02:25.583Z", "updated_at": "2022-01-23T08:02:28.444Z"}}, {"model": "todo.todoitem", "pk": 4, "fields": {"content": "", "owner": "", "activity": 1, "client": 2, "done": true, "created_by": 1, "updated_by": 1, "created_at": "2022-01-23T08:02:27.419Z", "updated_at": "2022-01-23T08:02:27.419Z"}}, {"model": "todo.todoitem", "pk": 5, "fields": {"content": "", "owner": "", "activity": 5, "client": 3, "done": true, "created_by": 1, "updated_by": 1, "created_at": "2022-01-23T08:02:48.159Z", "updated_at": "2022-01-23T08:02:48.158Z"}}, {"model": "todo.todoitem", "pk": 6, "fields": {"content": "", "owner": "", "activity": 5, "client": 3, "done": false, "created_by": 1, "updated_by": 1, "created_at": "2022-01-23T08:02:50.184Z", "updated_at": "2022-01-23T08:02:52.274Z"}}, {"model": "todo.todoitem", "pk": 7, "fields": {"content": "", "owner": "", "activity": 5, "client": 3, "done": false, "created_by": 1, "updated_by": 1, "created_at": "2022-01-23T08:02:51.176Z", "updated_at": "2022-01-13T08:02:51Z"}}, {"model": "todo.todoitem", "pk": 8, "fields": {"content": "", "owner": "", "activity": 4, "client": 3, "done": true, "created_by": 1, "updated_by": 1, "created_at": "2022-01-23T08:02:54.965Z", "updated_at": "2022-01-11T08:02:54Z"}}, {"model": "todo.todoitem", "pk": 9, "fields": {"content": "", "owner": "", "activity": 2, "client": 3, "done": true, "created_by": 1, "updated_by": 1, "created_at": "2022-01-23T08:02:56.574Z", "updated_at": "2022-01-23T08:09:23.632Z"}}, {"model": "todo.todoitem", "pk": 10, "fields": {"content": "", "owner": "", "activity": 3, "client": 1, "done": true, "created_by": 1, "updated_by": 1, "created_at": "2022-01-23T08:03:00.049Z", "updated_at": "2022-01-23T08:03:00.039Z"}}, {"model": "todo.todoitem", "pk": 11, "fields": {"content": "", "owner": "", "activity": 1, "client": 1, "done": true, "created_by": 1, "updated_by": 1, "created_at": "2022-01-23T08:03:00.720Z", "updated_at": "2022-01-23T08:03:00.720Z"}}, {"model": "todo.todoitem", "pk": 12, "fields": {"content": "", "owner": "", "activity": 4, "client": 1, "done": true, "created_by": 1, "updated_by": 1, "created_at": "2022-01-23T08:03:01.720Z", "updated_at": "2022-01-21T08:03:01Z"}}, {"model": "todo.todoitem", "pk": 13, "fields": {"content": "", "owner": "", "activity": 5, "client": 1, "done": true, "created_by": 1, "updated_by": 1, "created_at": "2022-01-23T08:03:02.104Z", "updated_at": "2022-01-21T08:03:02Z"}}, {"model": "todo.todoitem", "pk": 14, "fields": {"content": "", "owner": "", "activity": 5, "client": 1, "done": true, "created_by": 1, "updated_by": 1, "created_at": "2022-01-23T08:03:04.228Z", "updated_at": "2022-01-01T08:03:04Z"}}, {"model": "todo.todoitem", "pk": 15, "fields": {"content": "", "owner": "", "activity": 5, "client": 1, "done": false, "created_by": 1, "updated_by": 1, "created_at": "2022-01-23T08:03:08.477Z", "updated_at": "2022-01-21T08:03:11Z"}}, {"model": "todo.todoitem", "pk": 16, "fields": {"content": "", "owner": "", "activity": 2, "client": 4, "done": true, "created_by": 1, "updated_by": 1, "created_at": "2022-01-23T08:09:13.976Z", "updated_at": "2022-01-23T08:09:13.975Z"}}, {"model": "todo.todoitem", "pk": 17, "fields": {"content": "", "owner": "", "activity": 2, "client": 4, "done": true, "created_by": 1, "updated_by": 1, "created_at": "2022-01-23T08:09:15.180Z", "updated_at": "2022-01-03T08:09:15Z"}}, {"model": "todo.todoitem", "pk": 18, "fields": {"content": "", "owner": "", "activity": 3, "client": 4, "done": true, "created_by": 1, "updated_by": 1, "created_at": "2022-01-23T08:09:15.941Z", "updated_at": "2022-01-21T08:09:15Z"}}, {"model": "todo.todoitem", "pk": 19, "fields": {"content": "", "owner": "", "activity": 5, "client": 4, "done": true, "created_by": 1, "updated_by": 1, "created_at": "2022-01-23T08:09:16.949Z", "updated_at": "2022-01-23T08:09:16.948Z"}}, {"model": "todo.todoitem", "pk": 20, "fields": {"content": "", "owner": "", "activity": 2, "client": 3, "done": true, "created_by": 1, "updated_by": 1, "created_at": "2022-01-23T08:09:24.598Z", "updated_at": "2022-01-03T08:09:24Z"}}, {"model": "todo.todoitem", "pk": 21, "fields": {"content": "", "owner": "", "activity": 2, "client": 3, "done": true, "created_by": 1, "updated_by": 1, "created_at": "2022-01-23T08:09:25.247Z", "updated_at": "2022-01-20T08:09:25Z"}}, {"model": "todo.todoitem", "pk": 22, "fields": {"content": "", "owner": "", "activity": 1, "client": 1, "done": false, "created_by": 1, "updated_by": 1, "created_at": "2022-01-23T08:09:31.606Z", "updated_at": "2022-01-07T08:09:37Z"}}, {"model": "todo.todoitem", "pk": 23, "fields": {"content": "", "owner": "", "activity": 2, "client": 1, "done": true, "created_by": 1, "updated_by": 1, "created_at": "2022-01-23T08:09:31.979Z", "updated_at": "2022-01-21T08:09:31Z"}}, {"model": "todo.todoitem", "pk": 24, "fields": {"content": "", "owner": "", "activity": 4, "client": 1, "done": true, "created_by": 1, "updated_by": 1, "created_at": "2022-01-23T08:09:32.699Z", "updated_at": "2022-01-03T08:09:32Z"}}, {"model": "todo.todoitem", "pk": 25, "fields": {"content": "", "owner": "", "activity": 5, "client": 1, "done": true, "created_by": 1, "updated_by": 1, "created_at": "2022-01-23T08:09:33.168Z", "updated_at": "2022-01-21T08:09:33Z"}}, {"model": "todo.todoitem", "pk": 26, "fields": {"content": "", "owner": "", "activity": 1, "client": 1, "done": true, "created_by": 1, "updated_by": 1, "created_at": "2022-01-23T08:09:34.247Z", "updated_at": "2022-01-13T08:09:34Z"}}, {"model": "todo.todoitem", "pk": 27, "fields": {"content": "", "owner": "", "activity": 2, "client": 1, "done": true, "created_by": 1, "updated_by": 1, "created_at": "2022-01-23T08:09:38.844Z", "updated_at": "2022-01-01T08:09:38Z"}}, {"model": "todo.todoitem", "pk": 28, "fields": {"content": "", "owner": "", "activity": 1, "client": 1, "done": true, "created_by": 1, "updated_by": 1, "created_at": "2022-01-23T08:09:39.293Z", "updated_at": "2022-01-23T08:09:39.293Z"}}, {"model": "todo.todoitem", "pk": 29, "fields": {"content": "", "owner": "", "activity": 2, "client": 3, "done": true, "created_by": 1, "updated_by": 1, "created_at": "2022-01-23T10:33:50.457Z", "updated_at": "2022-01-23T10:33:50.456Z"}}, {"model": "todo.todoitem", "pk": 30, "fields": {"content": "", "owner": "", "activity": 2, "client": 3, "done": true, "created_by": 1, "updated_by": 1, "created_at": "2022-01-23T10:33:51.477Z", "updated_at": "2022-01-23T10:33:51.476Z"}}, {"model": "todo.todoitem", "pk": 31, "fields": {"content": "", "owner": "", "activity": 2, "client": 3, "done": false, "created_by": 1, "updated_by": 1, "created_at": "2022-01-23T10:33:52.005Z", "updated_at": "2022-01-23T10:33:54.261Z"}}, {"model": "todo.todoitem", "pk": 32, "fields": {"content": "", "owner": "", "activity": 2, "client": 3, "done": true, "created_by": 1, "updated_by": 1, "created_at": "2022-01-23T10:33:52.574Z", "updated_at": "2022-01-23T10:33:52.574Z"}}, {"model": "todo.todoitem", "pk": 33, "fields": {"content": "", "owner": "", "activity": 2, "client": 3, "done": true, "created_by": 1, "updated_by": 1, "created_at": "2022-01-23T10:33:55.291Z", "updated_at": "2022-01-23T10:33:55.291Z"}}, {"model": "todo.todoitem", "pk": 34, "fields": {"content": "", "owner": "", "activity": 2, "client": 3, "done": true, "created_by": 1, "updated_by": 1, "created_at": "2022-01-23T10:33:55.710Z", "updated_at": "2022-01-23T10:33:55.709Z"}}, {"model": "todo.todoitem", "pk": 35, "fields": {"content": "", "owner": "", "activity": 2, "client": 3, "done": true, "created_by": 1, "updated_by": 1, "created_at": "2022-01-23T10:33:56.046Z", "updated_at": "2022-01-23T10:33:56.045Z"}}, {"model": "todo.todoitem", "pk": 36, "fields": {"content": "", "owner": "", "activity": 5, "client": 3, "done": true, "created_by": 1, "updated_by": 1, "created_at": "2022-01-23T10:33:57.929Z", "updated_at": "2022-01-23T10:33:57.928Z"}}, {"model": "todo.todoitem", "pk": 37, "fields": {"content": "", "owner": "", "activity": 5, "client": 3, "done": true, "created_by": 1, "updated_by": 1, "created_at": "2022-01-23T10:33:58.443Z", "updated_at": "2022-01-23T10:33:58.443Z"}}, {"model": "todo.todoitem", "pk": 38, "fields": {"content": "", "owner": "", "activity": 5, "client": 3, "done": true, "created_by": 1, "updated_by": 1, "created_at": "2022-01-23T10:33:58.599Z", "updated_at": "2022-01-23T10:33:58.599Z"}}, {"model": "todo.todoitem", "pk": 39, "fields": {"content": "", "owner": "", "activity": 5, "client": 3, "done": false, "created_by": 1, "updated_by": 1, "created_at": "2022-01-23T10:33:58.756Z", "updated_at": "2022-01-23T10:34:02.831Z"}}, {"model": "todo.todoitem", "pk": 40, "fields": {"content": "", "owner": "", "activity": 5, "client": 3, "done": true, "created_by": 1, "updated_by": 1, "created_at": "2022-01-23T10:33:58.895Z", "updated_at": "2022-01-23T10:33:58.895Z"}}, {"model": "todo.todoitem", "pk": 41, "fields": {"content": "", "owner": "", "activity": 5, "client": 3, "done": false, "created_by": 1, "updated_by": 1, "created_at": "2022-01-23T10:33:59.063Z", "updated_at": "2022-01-23T10:34:01.688Z"}}, {"model": "todo.todoitem", "pk": 42, "fields": {"content": "", "owner": "", "activity": 5, "client": 3, "done": true, "created_by": 1, "updated_by": 1, "created_at": "2022-01-23T10:33:59.316Z", "updated_at": "2022-01-23T10:33:59.316Z"}}, {"model": "todo.todoitem", "pk": 43, "fields": {"content": "", "owner": "", "activity": 5, "client": 3, "done": true, "created_by": 1, "updated_by": 1, "created_at": "2022-01-23T11:37:33.047Z", "updated_at": "2022-01-23T11:37:33.047Z"}}, {"model": "todo.todoitem", "pk": 44, "fields": {"content": "", "owner": "", "activity": 2, "client": 3, "done": true, "created_by": 1, "updated_by": 1, "created_at": "2022-01-23T11:37:37.719Z", "updated_at": "2022-01-23T11:37:37.719Z"}}, {"model": "todo.todoitem", "pk": 45, "fields": {"content": "", "owner": "", "activity": 2, "client": 3, "done": true, "created_by": 1, "updated_by": 1, "created_at": "2022-01-23T11:37:41.038Z", "updated_at": "2022-01-23T11:37:41.037Z"}}, {"model": "todo.todoitem", "pk": 46, "fields": {"content": "", "owner": "", "activity": 5, "client": 3, "done": true, "created_by": 1, "updated_by": 1, "created_at": "2022-01-23T11:39:38.425Z", "updated_at": "2022-01-23T11:39:38.424Z"}}, {"model": "todo.todoitem", "pk": 47, "fields": {"content": "", "owner": "", "activity": 5, "client": 3, "done": true, "created_by": 1, "updated_by": 1, "created_at": "2022-01-23T11:39:39.620Z", "updated_at": "2022-01-23T11:39:39.619Z"}}, {"model": "todo.todoitem", "pk": 48, "fields": {"content": "", "owner": "", "activity": 5, "client": 3, "done": true, "created_by": 1, "updated_by": 1, "created_at": "2022-01-23T11:39:40.462Z", "updated_at": "2022-01-23T11:39:40.462Z"}}, {"model": "todo.todoitem", "pk": 49, "fields": {"content": "", "owner": "", "activity": 2, "client": 3, "done": true, "created_by": 1, "updated_by": 1, "created_at": "2022-01-23T11:39:41.349Z", "updated_at": "2022-01-23T11:39:41.349Z"}}, {"model": "todo.todoitem", "pk": 50, "fields": {"content": "", "owner": "", "activity": 2, "client": 3, "done": true, "created_by": 1, "updated_by": 1, "created_at": "2022-01-23T11:39:42.384Z", "updated_at": "2022-01-23T11:39:42.384Z"}}, {"model": "todo.todoitem", "pk": 51, "fields": {"content": "", "owner": "", "activity": 2, "client": 3, "done": true, "created_by": 1, "updated_by": 1, "created_at": "2022-01-23T11:39:42.917Z", "updated_at": "2022-01-23T11:39:42.917Z"}}, {"model": "todo.todoitem", "pk": 52, "fields": {"content": "", "owner": "", "activity": 2, "client": 3, "done": true, "created_by": 1, "updated_by": 1, "created_at": "2022-01-23T11:39:43.417Z", "updated_at": "2022-01-23T11:39:43.416Z"}}, {"model": "todo.todoitem", "pk": 53, "fields": {"content": "", "owner": "", "activity": 2, "client": 3, "done": true, "created_by": 1, "updated_by": 1, "created_at": "2022-01-23T11:39:43.628Z", "updated_at": "2022-01-23T11:39:43.628Z"}}, {"model": "todo.todoitem", "pk": 54, "fields": {"content": "", "owner": "", "activity": 2, "client": 3, "done": true, "created_by": 1, "updated_by": 1, "created_at": "2022-01-23T11:39:43.858Z", "updated_at": "2022-01-23T11:39:43.857Z"}}, {"model": "todo.todoitem", "pk": 55, "fields": {"content": "", "owner": "", "activity": 2, "client": 3, "done": true, "created_by": 1, "updated_by": 1, "created_at": "2022-01-23T11:39:44.056Z", "updated_at": "2022-01-23T11:39:44.056Z"}}, {"model": "todo.todoitem", "pk": 56, "fields": {"content": "", "owner": "", "activity": 2, "client": 3, "done": true, "created_by": 1, "updated_by": 1, "created_at": "2022-01-23T11:39:44.290Z", "updated_at": "2022-01-23T11:39:44.290Z"}}, {"model": "todo.todoitem", "pk": 57, "fields": {"content": "", "owner": "", "activity": 2, "client": 3, "done": true, "created_by": 1, "updated_by": 1, "created_at": "2022-01-23T11:39:44.456Z", "updated_at": "2022-01-23T11:39:44.456Z"}}, {"model": "todo.todoitem", "pk": 58, "fields": {"content": "", "owner": "", "activity": 2, "client": 3, "done": true, "created_by": 1, "updated_by": 1, "created_at": "2022-01-23T11:39:44.658Z", "updated_at": "2022-01-23T11:39:44.658Z"}}, {"model": "todo.todoitem", "pk": 59, "fields": {"content": "", "owner": "", "activity": 2, "client": 3, "done": true, "created_by": 1, "updated_by": 1, "created_at": "2022-01-23T11:39:44.856Z", "updated_at": "2022-01-23T11:39:44.856Z"}}, {"model": "todo.todoitem", "pk": 60, "fields": {"content": "", "owner": "", "activity": 2, "client": 3, "done": true, "created_by": 1, "updated_by": 1, "created_at": "2022-01-23T11:39:47.030Z", "updated_at": "2022-01-23T11:39:47.029Z"}}, {"model": "todo.todoitem", "pk": 61, "fields": {"content": "", "owner": "", "activity": 2, "client": 3, "done": true, "created_by": 1, "updated_by": 1, "created_at": "2022-01-23T11:39:48.025Z", "updated_at": "2022-01-23T11:39:48.025Z"}}, {"model": "todo.todoitem", "pk": 62, "fields": {"content": "", "owner": "", "activity": 2, "client": 3, "done": true, "created_by": 1, "updated_by": 1, "created_at": "2022-01-23T11:39:48.456Z", "updated_at": "2022-01-23T11:39:48.456Z"}}, {"model": "todo.todoitem", "pk": 63, "fields": {"content": "", "owner": "", "activity": 2, "client": 3, "done": true, "created_by": 1, "updated_by": 1, "created_at": "2022-01-23T11:39:50.858Z", "updated_at": "2022-01-13T11:39:50Z"}}, {"model": "todo.todoitem", "pk": 64, "fields": {"content": "", "owner": "", "activity": 5, "client": 3, "done": true, "created_by": 1, "updated_by": 1, "created_at": "2022-01-23T11:41:12.292Z", "updated_at": "2022-01-23T11:41:12.292Z"}}, {"model": "todo.todoitem", "pk": 65, "fields": {"content": "", "owner": "", "activity": 5, "client": 3, "done": true, "created_by": 1, "updated_by": 1, "created_at": "2022-01-23T11:41:16.066Z", "updated_at": "2022-01-23T11:41:16.066Z"}}, {"model": "todo.todoitem", "pk": 66, "fields": {"content": "", "owner": "", "activity": 4, "client": 3, "done": true, "created_by": 1, "updated_by": 1, "created_at": "2022-01-23T11:41:18.670Z", "updated_at": "2022-01-23T11:41:18.669Z"}}, {"model": "todo.todoitem", "pk": 67, "fields": {"content": "", "owner": "", "activity": 4, "client": 3, "done": true, "created_by": 1, "updated_by": 1, "created_at": "2022-01-23T11:41:25.522Z", "updated_at": "2022-01-23T11:41:25.521Z"}}, {"model": "todo.todoitem", "pk": 68, "fields": {"content": "", "owner": "", "activity": 3, "client": 1, "done": true, "created_by": 1, "updated_by": 1, "created_at": "2022-01-23T12:15:05.908Z", "updated_at": "2022-01-23T12:15:05.908Z"}}, {"model": "todo.todoitem", "pk": 69, "fields": {"content": "", "owner": "", "activity": 1, "client": 2, "done": true, "created_by": 1, "updated_by": 1, "created_at": "2022-01-23T12:15:10.824Z", "updated_at": "2022-01-23T12:15:10.824Z"}}, {"model": "todo.todoitem", "pk": 70, "fields": {"content": "", "owner": "", "activity": 1, "client": 2, "done": true, "created_by": 1, "updated_by": 1, "created_at": "2022-01-23T12:15:11.470Z", "updated_at": "2022-01-23T12:15:11.470Z"}}, {"model": "todo.todoitem", "pk": 71, "fields": {"content": "", "owner": "", "activity": 1, "client": 2, "done": true, "created_by": 1, "updated_by": 1, "created_at": "2022-01-23T12:15:11.935Z", "updated_at": "2022-01-23T12:15:11.935Z"}}, {"model": "todo.todoitem", "pk": 72, "fields": {"content": "", "owner": "", "activity": 1, "client": 2, "done": true, "created_by": 1, "updated_by": 1, "created_at": "2022-01-23T12:15:12.419Z", "updated_at": "2022-01-23T12:15:12.415Z"}}, {"model": "todo.todoitem", "pk": 73, "fields": {"content": "", "owner": "", "activity": 1, "client": 2, "done": true, "created_by": 1, "updated_by": 1, "created_at": "2022-01-23T12:15:12.826Z", "updated_at": "2022-01-23T12:15:12.825Z"}}, {"model": "todo.todoitem", "pk": 74, "fields": {"content": "", "owner": "", "activity": 1, "client": 2, "done": true, "created_by": 1, "updated_by": 1, "created_at": "2022-01-23T12:15:13.207Z", "updated_at": "2022-01-02T12:15:13Z"}}, {"model": "todo.todoitem", "pk": 75, "fields": {"content": "", "owner": "", "activity": 3, "client": 2, "done": true, "created_by": 1, "updated_by": 1, "created_at": "2022-01-23T12:15:13.713Z", "updated_at": "2022-01-23T12:15:13.712Z"}}, {"model": "todo.todoitem", "pk": 76, "fields": {"content": "", "owner": "", "activity": 5, "client": 2, "done": true, "created_by": 1, "updated_by": 1, "created_at": "2022-01-23T12:16:22.068Z", "updated_at": "2022-01-23T12:16:22.067Z"}}, {"model": "todo.todoitem", "pk": 77, "fields": {"content": "", "owner": "", "activity": 5, "client": 1, "done": true, "created_by": 1, "updated_by": 1, "created_at": "2022-01-23T12:16:53.659Z", "updated_at": "2022-01-23T12:16:53.658Z"}}, {"model": "todo.todoitem", "pk": 78, "fields": {"content": "", "owner": "", "activity": 5, "client": 1, "done": true, "created_by": 1, "updated_by": 1, "created_at": "2022-01-23T12:16:54.723Z", "updated_at": "2022-01-23T12:16:54.723Z"}}, {"model": "todo.todoitem", "pk": 79, "fields": {"content": "", "owner": "", "activity": 5, "client": 1, "done": true, "created_by": 1, "updated_by": 1, "created_at": "2022-01-23T12:16:55.320Z", "updated_at": "2022-01-23T12:16:55.320Z"}}, {"model": "todo.todoitem", "pk": 80, "fields": {"content": "", "owner": "", "activity": 7, "client": 1, "done": true, "created_by": 1, "updated_by": 1, "created_at": "2022-01-23T12:16:56.553Z", "updated_at": "2022-01-23T12:16:56.553Z"}}, {"model": "todo.todoitem", "pk": 81, "fields": {"content": "", "owner": "", "activity": 7, "client": 1, "done": true, "created_by": 1, "updated_by": 1, "created_at": "2022-05-30T18:53:25.506Z", "updated_at": "2022-05-30T18:53:25.506Z"}}]